{"cameraMode":{"drawMode":0,"name":"Shaded","section":"Shading Mode"},"sceneLighting":true,"audioPlay":false,"sceneViewState":{"showFog":false,"showMaterialUpdate":false,"showSkybox":false,"showFlares":false,"showImageEffects":false,"showParticleSystems":false},"in2DMode":false,"pivot":{"x":13.436161041259766,"y":5.109079360961914,"z":1.1084365844726563},"rotation":{"x":0.18634620308876038,"y":-0.024758528918027879,"z":0.004693775437772274,"w":0.9821711182594299},"size":11.81751823425293,"orthographic":false}