{"cameraMode":{"drawMode":0,"name":"Shaded","section":"Shading Mode"},"sceneLighting":true,"audioPlay":false,"sceneViewState":{"showFog":false,"showMaterialUpdate":false,"showSkybox":false,"showFlares":false,"showImageEffects":false,"showParticleSystems":false},"in2DMode":false,"pivot":{"x":0.0013117707567289472,"y":3.87273907661438,"z":-0.0633569285273552},"rotation":{"x":-0.32523515820503237,"y":-0.07512620836496353,"z":0.02579130418598652,"w":-0.9423412680625916},"size":19.310482025146486,"orthographic":false}