{"cameraMode":{"drawMode":0,"name":"Shaded","section":"Shading Mode"},"sceneLighting":true,"audioPlay":false,"sceneViewState":{"showFog":true,"showMaterialUpdate":false,"showSkybox":true,"showFlares":true,"showImageEffects":true,"showParticleSystems":true},"in2DMode":false,"pivot":{"x":557.0910034179688,"y":261.85162353515627,"z":-307.59466552734377},"rotation":{"x":-0.0827077180147171,"y":0.01404766459017992,"z":-0.0011644194601103664,"w":-0.9964814186096191},"size":54.7369384765625,"orthographic":false}