{"cameraMode":{"drawMode":0,"name":"Shaded","section":"Shading Mode"},"sceneLighting":true,"audioPlay":false,"sceneViewState":{"showFog":false,"showMaterialUpdate":false,"showSkybox":false,"showFlares":false,"showImageEffects":false,"showParticleSystems":false},"in2DMode":false,"pivot":{"x":724.8858642578125,"y":91.2730941772461,"z":188.29678344726563},"rotation":{"x":-0.009122923016548157,"y":0.9897781610488892,"z":-0.07520320266485214,"w":-0.12116836756467819},"size":171.01890563964845,"orthographic":false}