{"cameraMode":{"drawMode":0,"name":"Shaded","section":"Shading Mode"},"sceneLighting":true,"audioPlay":false,"sceneViewState":{"showFog":false,"showMaterialUpdate":false,"showSkybox":false,"showFlares":false,"showImageEffects":false,"showParticleSystems":false},"in2DMode":false,"pivot":{"x":-376.7435302734375,"y":28.743221282958986,"z":-482.5025939941406},"rotation":{"x":0.011965921148657799,"y":0.35953274369239809,"z":-0.004610577132552862,"w":0.9330461621284485},"size":184.92135620117188,"orthographic":false}