{"cameraMode":{"drawMode":0,"name":"Shaded","section":"Shading Mode"},"sceneLighting":true,"audioPlay":false,"sceneViewState":{"showFog":false,"showMaterialUpdate":false,"showSkybox":false,"showFlares":false,"showImageEffects":false,"showParticleSystems":false},"in2DMode":false,"pivot":{"x":577.1859130859375,"y":142.40997314453126,"z":75.79383087158203},"rotation":{"x":-0.32523515820503237,"y":-0.07512620836496353,"z":0.02579130418598652,"w":-0.9423412680625916},"size":197.93527221679688,"orthographic":false}