{"cameraMode":{"drawMode":0,"name":"Shaded","section":"Shading Mode"},"sceneLighting":true,"audioPlay":false,"sceneViewState":{"showFog":false,"showMaterialUpdate":false,"showSkybox":false,"showFlares":false,"showImageEffects":false,"showParticleSystems":false},"in2DMode":false,"pivot":{"x":763.7943115234375,"y":150.45828247070313,"z":212.3191680908203},"rotation":{"x":0.03531176596879959,"y":-0.8819701671600342,"z":0.06701982766389847,"w":0.4652427136898041},"size":42.2039680480957,"orthographic":false}