{"cameraMode":{"drawMode":0,"name":"Shaded","section":"Shading Mode"},"sceneLighting":true,"audioPlay":false,"sceneViewState":{"showFog":false,"showMaterialUpdate":false,"showSkybox":false,"showFlares":false,"showImageEffects":false,"showParticleSystems":false},"in2DMode":false,"pivot":{"x":590.0873413085938,"y":146.55923461914063,"z":154.00148010253907},"rotation":{"x":-0.02845812402665615,"y":0.7645682096481323,"z":-0.033965323120355609,"w":-0.6430861949920654},"size":210.37661743164063,"orthographic":false}