{"cameraMode":{"drawMode":0,"name":"Shaded","section":"Shading Mode"},"sceneLighting":true,"audioPlay":false,"sceneViewState":{"showFog":false,"showMaterialUpdate":false,"showSkybox":false,"showFlares":false,"showImageEffects":false,"showParticleSystems":false},"in2DMode":false,"pivot":{"x":360.2674865722656,"y":236.35232543945313,"z":244.08428955078126},"rotation":{"x":0.0306941457092762,"y":0.9692238569259644,"z":-0.1658763289451599,"w":0.17937304079532624},"size":59.57414245605469,"orthographic":false}