{"cameraMode":{"drawMode":0,"name":"Shaded","section":"Shading Mode"},"sceneLighting":true,"audioPlay":false,"sceneViewState":{"showFog":false,"showMaterialUpdate":false,"showSkybox":false,"showFlares":false,"showImageEffects":false,"showParticleSystems":false},"in2DMode":false,"pivot":{"x":-315.866455078125,"y":131.156005859375,"z":-54.1565055847168},"rotation":{"x":-0.15936759114265443,"y":0.8402543663978577,"z":-0.35364633798599245,"w":-0.3789723217487335},"size":201.54623413085938,"orthographic":false}