{"cameraMode":{"drawMode":0,"name":"Shaded","section":"Shading Mode"},"sceneLighting":true,"audioPlay":false,"sceneViewState":{"showFog":true,"showMaterialUpdate":false,"showSkybox":true,"showFlares":true,"showImageEffects":true,"showParticleSystems":true},"in2DMode":false,"pivot":{"x":1000.99462890625,"y":89.84537506103516,"z":-59.18672561645508},"rotation":{"x":0.044296134263277057,"y":-0.17413219809532166,"z":0.007841376587748528,"w":0.9836950302124023},"size":147.34487915039063,"orthographic":false}