{"cameraMode":{"drawMode":0,"name":"Shaded","section":"Shading Mode"},"sceneLighting":true,"audioPlay":false,"sceneViewState":{"showFog":false,"showMaterialUpdate":false,"showSkybox":false,"showFlares":false,"showImageEffects":false,"showParticleSystems":false},"in2DMode":false,"pivot":{"x":-559.3009033203125,"y":340.973876953125,"z":857.87939453125},"rotation":{"x":0.19875569641590119,"y":0.1284443438053131,"z":-0.02614191733300686,"w":0.9712961912155151},"size":2406.49365234375,"orthographic":false}