{"cameraMode":{"drawMode":0,"name":"Shaded","section":"Shading Mode"},"sceneLighting":true,"audioPlay":false,"sceneViewState":{"showFog":false,"showMaterialUpdate":false,"showSkybox":false,"showFlares":false,"showImageEffects":false,"showParticleSystems":false},"in2DMode":false,"pivot":{"x":662.1499633789063,"y":153.1810302734375,"z":130.44068908691407},"rotation":{"x":-0.02845812402665615,"y":0.7645682096481323,"z":-0.033965323120355609,"w":-0.6430861949920654},"size":5.135573387145996,"orthographic":false}