{"cameraMode":{"drawMode":0,"name":"Shaded","section":"Shading Mode"},"sceneLighting":true,"audioPlay":false,"sceneViewState":{"showFog":false,"showMaterialUpdate":false,"showSkybox":false,"showFlares":false,"showImageEffects":false,"showParticleSystems":false},"in2DMode":false,"pivot":{"x":517.097900390625,"y":237.3014373779297,"z":-120.0829086303711},"rotation":{"x":0.17586034536361695,"y":0.13566862046718598,"z":-0.024484068155288698,"w":0.9747284650802612},"size":59.57414245605469,"orthographic":false}